47,x_avt,,x_avt,
20,475,0,525,0
40,475,0,525,0
60,475,0,525,0
80,475,0,525,0
100,475,0,525,0
120,475,0,525,0
140,475,0,525,0
160,475,0,525,0
180,475,0,525,0
200,475,0,525,0
220,475,0,525,0
240,475,0,525,0
260,475,0,525,0
280,475,0,525,0
300,475,0,525,0
320,475,0,525,0
340,475,0,525,0
360,475,0,525,0
380,475,0,525,0
400,475,0,525,0
420,475,0,525,0
440,475,0,525,0
460,475,0,525,0
480,475,0,525,0
500,475,0,525,0
520,475,0,525,0
540,475,0,525,0
560,475,0,525,0
580,475,0,525,0
600,475,0,525,0
620,475,0,525,0
640,475,0,525,0
660,475,0,525,0
680,475,0,525,0
700,475,0,525,0
720,475,0,525,0
740,475,0,525,0
760,475,0,525,0
780,475,0,525,0
800,475,0,525,0
820,475,0,525,0
840,475,0,525,0
860,475,0,525,0
880,475,0,525,0
900,475,0,525,0
920,475,0,525,0
940,475,0,525,0
960,475,0,525,0
980,475,0,525,0
1000,475,0,525,0
1020,475,0,525,0
1040,475,0,525,0
1060,475,0,525,0
1080,475,0,525,0
1100,475,0,525,0
1120,475,0,525,0
1140,475,0,525,0
1160,475,0,525,0
1180,475,0,525,0
1200,475,0,525,0
1220,475,0,525,0
1240,475,0,525,0
1260,475,0,525,0
1280,475,0,525,0
1300,475,0,525,0
1320,475,0,525,0
1340,475,0,525,0
1360,475,0,525,0
1380,475,0,525,0
1400,475,0,525,0
1420,475,0,525,0
1440,475,0,525,0
1460,475,0,525,0
1480,475,0,525,0
1500,475,0,525,0
1520,475,0,525,0
1540,475,0,525,0
1560,475,0,525,0
1580,475,0,525,0
1600,475,0,525,0
1620,475,0,525,0
1640,475,0,525,0
1660,475,0,525,0
1680,475,0,525,0
1700,472,0,525,0
1720,469,0,525,0
1740,466,0,525,0
1760,463,0,525,0
1780,460,0,525,0
1800,457,0,525,0
1820,454,0,525,0
1840,451,0,525,0
1860,448,0,525,0
1880,445,0,525,0
1900,442,0,525,0
1920,440,0,525,0
1940,437,0,525,0
1960,434,0,525,0
1980,431,0,525,0
2000,428,0,525,0
2020,425,0,525,0
2040,422,0,525,0
2060,419,0,525,0
2080,416,0,525,0
2100,412,0,525,0
2120,406,0,525,0
2140,398,0,525,0
2160,391,0,525,0
2180,384,0,525,0
2200,376,0,520,0
2220,371,0,514,0
2240,369,0,509,0
2260,367,0,504,0
2280,366,0,499,0
2300,365,0,494,0
2320,363,0,489,0
2340,363,0,484,0
2360,363,0,479,0
2380,363,0,473,0
2400,363,0,470,0
2420,364,0,468,0
2440,364,0,465,0
2460,364,0,462,0
2480,364,0,459,0
2500,364,0,457,0
2520,364,0,454,0
2540,364,0,452,0
2560,366,0,449,0
2580,368,0,447,0
2600,370,0,445,0
2620,372,0,442,0
2640,373,0,440,0
2660,374,0,437,0
2680,373,0,435,0
2700,371,0,432,0
2720,370,0,430,0
2740,369,0,427,0
2760,367,0,425,0
2780,366,0,422,0
2800,363,0,418,0
2820,359,0,415,0
2840,356,0,411,0
2860,353,0,407,0
2880,350,0,403,0
2900,346,0,399,0
2920,343,0,396,0
2940,340,0,396,0
2960,337,0,395,0
2980,333,0,394,0
3000,330,0,393,0
3020,327,0,393,0
3040,324,0,392,0
3060,320,0,391,0
3080,317,0,390,0
3100,314,0,389,0
3120,311,0,389,0
3140,307,0,388,0
3160,304,0,387,0
3180,301,0,386,0
3200,298,0,384,0
3220,294,0,381,0
3240,287,0,378,0
3260,281,0,376,0
3280,274,0,373,0
3300,268,0,371,0
3320,261,0,368,0
3340,254,0,367,0
3360,250,0,366,0
3380,247,0,365,0
3400,245,0,364,0
3420,243,0,363,0
3440,241,0,362,0
3460,239,0,360,0
3480,237,0,359,0
3500,236,0,358,0
3520,236,0,356,0
3540,236,0,355,0
3560,236,0,353,0
3580,235,0,351,0
3600,235,0,350,0
3620,235,0,349,0
3640,235,0,347,0
3660,235,0,346,0
3680,234,0,345,0
3700,234,0,344,0
3720,233,0,343,0
3740,232,0,342,0
3760,231,0,342,0
3780,230,0,341,0
3800,228,0,340,0
3820,226,0,340,0
3840,225,0,340,0
3860,223,0,340,0
3880,221,0,340,0
3900,219,0,339,0
3920,217,0,339,0
3940,216,0,339,0
3960,213,0,339,0
3980,211,0,339,0
4000,208,0,339,0
4020,206,0,339,0
4040,203,0,338,0
4060,201,0,338,0
4080,198,0,338,0
4100,196,0,337,0
4120,194,0,337,0
4140,192,0,336,0
4160,190,0,336,0
4180,188,0,336,0
4200,186,0,336,0
4220,184,0,336,0
4240,183,0,335,0
4260,181,0,335,0
4280,180,0,334,0
4300,178,0,334,0
4320,177,0,333,0
4340,176,0,332,0
4360,175,0,331,0
4380,175,0,330,0
4400,174,0,329,0
4420,174,0,328,0
4440,174,0,328,0
4460,175,0,328,0
4480,175,0,328,0
4500,175,0,328,0
4520,176,0,328,0
4540,176,0,328,0
4560,176,0,329,0
4580,177,0,329,0
4600,177,0,330,0
4620,177,0,330,0
4640,178,0,330,0
4660,178,0,330,0
4680,179,0,330,0
4700,179,0,330,0
4720,179,0,331,0
4740,180,0,331,0
4760,180,0,332,0
4780,181,0,332,0
4800,182,0,333,0
4820,182,0,334,0
4840,182,0,335,0
4860,182,0,337,0
4880,182,0,338,0
4900,182,0,339,0
4920,182,0,340,0
4940,182,0,341,0
4960,183,0,343,0
4980,184,0,344,0
5000,185,0,345,0
5020,186,0,346,0
5040,187,0,348,0
5060,188,0,349,0
5080,190,0,350,0
5100,191,0,351,0
5120,193,0,352,0
5140,195,0,354,0
5160,196,0,355,0
5180,198,0,356,0
5200,200,0,360,0
5220,202,0,364,0
5240,205,0,368,0
5260,207,0,372,0
5280,210,0,376,0
5300,213,0,380,0
5320,216,0,384,0
5340,219,0,385,0
5360,222,0,386,0
5380,225,0,387,0
5400,228,0,388,0
5420,231,0,389,0
5440,234,0,390,0
5460,237,0,391,0
5480,240,0,392,0
5500,242,0,393,0
5520,245,0,394,0
5540,248,0,395,0
5560,250,0,396,0
5580,253,0,397,0
5600,255,0,398,0
5620,258,0,399,0
5640,260,0,401,0
5660,263,0,402,0
5680,265,0,404,0
5700,268,0,406,0
5720,271,0,408,0
5740,273,0,409,0
5760,276,0,410,0
5780,278,0,411,0
5800,281,0,412,0
5820,283,0,412,0
5840,286,0,413,0
5860,288,0,413,0
5880,291,0,414,0
5900,293,0,415,0
5920,295,0,416,0
5940,298,0,417,0
5960,300,0,418,0
5980,302,0,419,0
6000,305,0,420,0
6020,307,0,422,0
6040,309,0,423,0
6060,311,0,424,0
6080,313,0,425,0
6100,315,0,426,0
6120,318,0,427,0
6140,320,0,428,0
6160,322,0,430,0
6180,324,0,431,0
6200,326,0,434,0
6220,328,0,437,0
6240,329,0,440,0
6260,331,0,443,0
6280,332,0,446,0
6300,334,0,449,0
6320,335,0,452,0
6340,336,0,456,0
6360,337,0,459,0
6380,337,0,462,0
6400,339,0,465,0
6420,340,0,468,0
6440,341,0,471,0
6460,342,0,474,0
6480,342,0,477,0
6500,343,0,481,0
6520,344,0,484,0
6540,344,0,487,0
6560,345,0,490,0
6580,346,0,493,0
6600,347,0,497,0
6620,348,0,500,0
6640,350,0,504,0
6660,352,0,507,0
6680,354,0,511,0
6700,356,0,514,0
6720,359,0,518,0
6740,361,0,519,0
6760,363,0,521,0
6780,365,0,522,0
6800,368,0,523,0
6820,371,0,524,0
6840,374,0,525,0
6860,377,0,526,0
6880,379,0,527,0
6900,382,0,527,0
6920,385,0,528,0
6940,389,0,529,0
6960,392,0,529,0
6980,395,0,530,0
7000,398,0,530,0
7020,401,0,530,0
7040,404,0,530,0
7060,407,0,531,0
7080,410,0,531,0
7100,412,0,530,0
7120,415,0,530,0
7140,417,0,530,0
7160,420,0,529,0
7180,422,0,529,0
7200,424,0,528,0
7220,427,0,527,0
7240,429,0,527,0
7260,430,0,526,0
7280,431,0,526,0
7300,433,0,526,0
7320,434,0,525,0
7340,435,0,525,0
7360,436,0,525,0
7380,437,0,525,0
7400,438,0,525,0
7420,438,0,525,0
7440,438,0,524,0
7460,438,0,524,0
7480,439,0,525,0
7500,438,0,525,0
7520,437,0,525,0
7540,436,0,526,0
7560,435,0,527,0
7580,433,0,527,0
7600,432,0,528,0
7620,431,0,529,0
7640,429,0,530,0
7660,427,0,531,0
7680,425,0,532,0
7700,423,0,532,0
7720,420,0,533,0
7740,418,0,534,0
7760,416,0,534,0
7780,413,0,534,0
7800,411,0,535,0
7820,409,0,535,0
7840,406,0,535,0
7860,404,0,535,0
7880,402,0,534,0
7900,400,0,534,0
7920,398,0,535,0
7940,396,0,535,0
7960,393,0,535,0
7980,391,0,536,0
8000,389,0,537,0
8020,387,0,538,0
8040,386,0,539,0
8060,384,0,540,0
8080,382,0,540,0
8100,380,0,541,0
8120,379,0,542,0
8140,378,0,543,0
8160,376,0,544,0
8180,375,0,544,0
8200,374,0,545,0
8220,372,0,545,0
8240,371,0,546,0
8260,370,0,546,0
8280,368,0,547,0
8300,366,0,546,0
8320,365,0,545,0
8340,363,0,544,0
8360,361,0,543,0
8380,360,0,542,0
8400,358,0,541,0
8420,356,0,540,0
8440,355,0,539,0
8460,354,0,539,0
8480,353,0,538,0
8500,351,0,538,0
8520,350,0,539,0
8540,349,0,540,0
8560,348,0,541,0
8580,347,0,542,0
8600,346,0,543,0
8620,345,0,544,0
8640,344,0,545,0
8660,344,0,544,0
8680,343,0,543,0
8700,342,0,542,0
8720,342,0,541,0
8740,341,0,539,0
8760,341,0,538,0
8780,340,0,536,0
8800,340,0,534,0
8820,340,0,533,0
8840,339,0,531,0
8860,339,0,530,0
8880,340,0,528,0
8900,340,0,527,0
8920,341,0,525,0
8940,341,0,523,0
8960,342,0,521,0
8980,342,0,519,0
9000,343,0,516,0
9020,343,0,514,0
9040,344,0,512,0
9060,344,0,509,0
9080,345,0,507,0
9100,345,0,505,0
9120,345,0,503,0
9140,346,0,500,0
9160,346,0,498,0
9180,347,0,496,0
9200,347,0,493,0
9220,348,0,491,0
9240,348,0,489,0
9260,349,0,486,0
9280,349,0,484,0
9300,350,0,482,0
9320,350,0,480,0
9340,351,0,477,0
9360,351,0,475,0
9380,352,0,473,0
9400,352,0,470,0
9420,353,0,468,0
9440,353,0,466,0
9460,353,0,463,0
9480,354,0,461,0
9500,354,0,459,0
9520,355,0,457,0
9540,355,0,454,0
9560,356,0,452,0
9580,356,0,450,0
9600,357,0,447,0
9620,357,0,445,0
9640,358,0,443,0
9660,358,0,440,0
9680,359,0,438,0
9700,359,0,436,0
9720,360,0,434,0
9740,360,0,431,0
9760,361,0,429,0
9780,361,0,427,0
9800,361,0,424,0
9820,362,0,422,0
9840,362,0,420,0
9860,363,0,417,0
9880,363,0,415,0
9900,364,0,413,0
9920,364,0,411,0
9940,365,0,408,0
9960,365,0,406,0
9980,366,0,400,0
10000,475,0,525,0
10020,475,0,525,0
10040,475,0,525,0
10060,475,0,525,0
10080,475,0,525,0
10100,475,0,525,0
10120,475,0,525,0
10140,475,0,524,0
10160,475,0,524,0
10180,475,0,524,0
10200,475,0,523,0
10220,475,0,523,0
10240,475,0,523,0
10260,475,0,523,0
10280,475,0,522,0
10300,475,0,522,0
10320,475,0,522,0
10340,475,0,521,0
10360,475,0,520,0
10380,475,0,519,0
10400,475,0,518,0
10420,475,0,517,0
10440,475,0,516,0
10460,475,0,515,0
10480,475,0,514,0
10500,475,0,513,0
10520,475,0,512,0
10540,475,0,511,0
10560,475,0,510,0
10580,475,0,509,0
10600,475,0,507,0
10620,475,0,504,0
10640,475,0,501,0
10660,475,0,498,0
10680,475,0,495,0
10700,473,0,492,0
10720,468,0,489,0
10740,464,0,487,0
10760,458,0,486,0
10780,453,0,485,0
10800,447,0,484,0
10820,442,0,484,0
10840,436,0,483,0
10860,432,0,482,0
10880,429,0,482,0
10900,426,0,481,0
10920,422,0,480,0
10940,419,0,480,0
10960,416,0,479,0
10980,413,0,479,0
11000,411,0,478,0
11020,410,0,478,0
11040,408,0,477,0
11060,407,0,477,0
11080,405,0,476,0
11100,404,0,476,0
11120,402,0,476,0
11140,401,0,476,0
11160,398,0,475,0
11180,395,0,475,0
11200,393,0,475,0
11220,390,0,474,0
11240,387,0,474,0
11260,385,0,473,0
11280,382,0,473,0
11300,380,0,472,0
11320,379,0,472,0
11340,377,0,470,0
11360,375,0,469,0
11380,374,0,467,0
11400,372,0,466,0
11420,371,0,464,0
11440,369,0,462,0
11460,368,0,461,0
11480,366,0,459,0
11500,365,0,457,0
11520,363,0,456,0
11540,362,0,454,0
11560,361,0,453,0
11580,359,0,451,0
11600,358,0,450,0
11620,357,0,449,0
11640,355,0,449,0
11660,354,0,448,0
11680,353,0,448,0
11700,352,0,447,0
11720,351,0,447,0
11740,350,0,446,0
11760,350,0,446,0
11780,350,0,445,0
11800,350,0,445,0
11820,349,0,445,0
11840,349,0,444,0
11860,348,0,444,0
11880,348,0,444,0
11900,347,0,443,0
11920,346,0,442,0
11940,345,0,442,0
11960,344,0,441,0
11980,343,0,440,0
12000,342,0,439,0
12020,340,0,438,0
12040,339,0,438,0
12060,338,0,438,0
12080,338,0,437,0
12100,337,0,437,0
12120,336,0,437,0
12140,336,0,437,0
12160,335,0,436,0
12180,334,0,437,0
12200,333,0,437,0
12220,333,0,437,0
12240,332,0,437,0
12260,331,0,438,0
12280,330,0,438,0
12300,330,0,439,0
12320,329,0,440,0
12340,329,0,441,0
12360,328,0,441,0
12380,327,0,442,0
12400,326,0,443,0
12420,325,0,445,0
12440,325,0,448,0
12460,325,0,450,0
12480,325,0,452,0
12500,326,0,455,0
12520,327,0,457,0
12540,328,0,460,0
12560,329,0,463,0
12580,330,0,465,0
12600,332,0,468,0
12620,334,0,470,0
12640,336,0,473,0
12660,339,0,476,0
12680,342,0,478,0
12700,344,0,481,0
12720,347,0,482,0
12740,349,0,484,0
12760,352,0,486,0
12780,355,0,487,0
12800,359,0,489,0
12820,362,0,491,0
12840,365,0,492,0
12860,368,0,494,0
12880,371,0,495,0
12900,375,0,496,0
12920,378,0,498,0
12940,382,0,499,0
12960,385,0,500,0
12980,389,0,501,0
13000,393,0,503,0
13020,397,0,504,0
13040,401,0,505,0
13060,405,0,506,0
13080,408,0,508,0
13100,411,0,509,0
13120,414,0,510,0
13140,417,0,512,0
13160,420,0,513,0
13180,423,0,515,0
13200,426,0,517,0
13220,429,0,518,0
13240,430,0,520,0
13260,431,0,522,0
13280,433,0,524,0
13300,434,0,525,0
13320,436,0,526,0
13340,437,0,528,0
13360,438,0,529,0
13380,440,0,529,0
13400,441,0,530,0
13420,443,0,531,0
13440,444,0,532,0
13460,446,0,533,0
13480,448,0,534,0
13500,451,0,535,0
13520,453,0,536,0
13540,455,0,538,0
13560,456,0,539,0
13580,457,0,540,0
13600,458,0,541,0
13620,459,0,543,0
13640,459,0,544,0
13660,460,0,545,0
13680,461,0,546,0
13700,461,0,548,0
13720,462,0,549,0
13740,463,0,550,0
13760,463,0,551,0
13780,464,0,553,0
13800,465,0,554,0
13820,465,0,555,0
13840,466,0,556,0
13860,467,0,558,0
13880,467,0,559,0
13900,468,0,560,0
13920,469,0,561,0
13940,470,0,563,0
13960,470,0,564,0
13980,471,0,565,0
14000,472,0,566,0
14020,472,0,568,0
14040,473,0,569,0
14060,474,0,570,0
14080,474,0,571,0
14100,475,0,573,0
14120,476,0,574,0
14140,476,0,575,0
14160,477,0,576,0
14180,478,0,578,0
14200,478,0,579,0
14220,479,0,580,0
14240,480,0,581,0
14260,480,0,583,0
14280,482,0,584,0
14300,483,0,585,0
14320,485,0,587,0
14340,475,0,525,0
14360,475,0,525,0
14380,475,0,525,0
14400,475,0,525,0
14420,475,0,525,0
14440,475,0,525,0
14460,475,0,525,0
14480,475,0,526,0
14500,475,0,526,0
14520,475,0,526,0
14540,475,0,527,0
14560,475,0,528,0
14580,475,0,528,0
14600,475,0,529,0
14620,475,0,528,0
14640,475,0,527,0
14660,472,0,527,0
14680,469,0,526,0
14700,466,0,526,0
14720,462,0,526,0
14740,459,0,525,0
14760,456,0,526,0
14780,453,0,526,0
14800,450,0,527,0
14820,447,0,527,0
14840,444,0,528,0
14860,440,0,528,0
14880,437,0,529,0
14900,434,0,529,0
14920,431,0,530,0
14940,428,0,531,0
14960,425,0,531,0
14980,419,0,532,0
15000,413,0,533,0
15020,408,0,533,0
15040,402,0,534,0
15060,396,0,535,0
15080,391,0,536,0
15100,385,0,537,0
15120,382,0,537,0
15140,380,0,538,0
15160,377,0,540,0
15180,375,0,541,0
15200,373,0,543,0
15220,371,0,544,0
15240,369,0,545,0
15260,369,0,546,0
15280,369,0,547,0
15300,369,0,546,0
15320,369,0,546,0
15340,371,0,546,0
15360,372,0,546,0
15380,373,0,546,0
15400,375,0,545,0
15420,377,0,545,0
15440,378,0,544,0
15460,380,0,544,0
15480,382,0,543,0
15500,383,0,542,0
15520,385,0,542,0
15540,387,0,541,0
15560,388,0,540,0
15580,390,0,539,0
15600,392,0,539,0
15620,393,0,538,0
15640,395,0,537,0
15660,397,0,537,0
15680,399,0,536,0
15700,400,0,535,0
15720,402,0,534,0
15740,404,0,534,0
15760,406,0,533,0
15780,408,0,532,0
15800,410,0,531,0
15820,411,0,530,0
15840,413,0,530,0
15860,414,0,529,0
15880,415,0,528,0
15900,417,0,527,0
15920,418,0,526,0
15940,420,0,525,0
15960,421,0,524,0
15980,422,0,523,0
16000,423,0,521,0
16020,424,0,520,0
16040,425,0,518,0
16060,426,0,517,0
16080,426,0,515,0
16100,427,0,514,0
16120,427,0,512,0
16140,427,0,511,0
16160,428,0,510,0
16180,428,0,509,0
16200,428,0,508,0
16220,428,0,507,0
16240,428,0,506,0
16260,428,0,505,0
16280,427,0,504,0
16300,427,0,503,0
16320,426,0,502,0
16340,426,0,501,0
16360,425,0,501,0
16380,425,0,500,0
16400,423,0,500,0
16420,421,0,499,0
16440,419,0,498,0
16460,417,0,498,0
16480,415,0,497,0
16500,413,0,497,0
16520,411,0,496,0
16540,409,0,495,0
16560,406,0,494,0
16580,403,0,494,0
16600,400,0,493,0
16620,397,0,492,0
16640,394,0,491,0
16660,392,0,490,0
16680,389,0,489,0
16700,386,0,488,0
16720,383,0,487,0
16740,381,0,485,0
16760,378,0,484,0
16780,376,0,482,0
16800,373,0,481,0
16820,371,0,479,0
16840,368,0,478,0
16860,366,0,477,0
16880,363,0,475,0
16900,361,0,474,0
16920,359,0,472,0
16940,357,0,470,0
16960,354,0,469,0
16980,352,0,467,0
17000,350,0,466,0
17020,348,0,464,0
17040,345,0,462,0
17060,342,0,461,0
17080,339,0,459,0
17100,336,0,457,0
17120,333,0,456,0
17140,330,0,454,0
17160,327,0,453,0
17180,323,0,451,0
17200,320,0,449,0
17220,317,0,446,0
17240,313,0,443,0
17260,309,0,441,0
17280,306,0,439,0
17300,302,0,436,0
17320,298,0,434,0
17340,294,0,432,0
17360,292,0,430,0
17380,289,0,429,0
17400,287,0,427,0
17420,284,0,426,0
17440,282,0,424,0
17460,279,0,423,0
17480,277,0,421,0
17500,274,0,419,0
17520,271,0,417,0
17540,268,0,415,0
17560,265,0,414,0
17580,263,0,412,0
17600,260,0,410,0
17620,257,0,408,0
17640,254,0,406,0
17660,252,0,405,0
17680,250,0,404,0
17700,248,0,403,0
17720,246,0,401,0
17740,245,0,400,0
17760,244,0,399,0
17780,243,0,398,0
17800,242,0,396,0
17820,243,0,395,0
17840,243,0,394,0
17860,243,0,393,0
17880,244,0,392,0
17900,244,0,392,0
17920,244,0,392,0
17940,245,0,393,0
17960,245,0,393,0
17980,245,0,393,0
18000,245,0,394,0
18020,245,0,395,0
18040,245,0,396,0
18060,245,0,397,0
18080,246,0,397,0
18100,246,0,398,0
18120,246,0,399,0
18140,246,0,400,0
18160,246,0,400,0
18180,246,0,401,0
18200,246,0,402,0
18220,246,0,402,0
18240,247,0,403,0
18260,247,0,404,0
18280,248,0,404,0
18300,249,0,405,0
18320,251,0,407,0
18340,252,0,409,0
18360,253,0,410,0
18380,254,0,412,0
18400,256,0,413,0
18420,259,0,415,0
18440,261,0,417,0
18460,263,0,418,0
18480,266,0,420,0
18500,268,0,422,0
18520,270,0,424,0
18540,272,0,425,0
18560,275,0,427,0
18580,278,0,428,0
18600,281,0,429,0
18620,284,0,430,0
18640,286,0,431,0
18660,289,0,432,0
18680,292,0,433,0
18700,295,0,434,0
18720,297,0,436,0
18740,300,0,437,0
18760,302,0,438,0
18780,305,0,439,0
18800,307,0,440,0
18820,310,0,441,0
18840,312,0,442,0
18860,315,0,443,0
18880,317,0,444,0
18900,319,0,445,0
18920,322,0,446,0
18940,324,0,447,0
18960,327,0,448,0
18980,329,0,449,0
19000,331,0,450,0
19020,333,0,450,0
19040,335,0,451,0
19060,336,0,452,0
19080,337,0,452,0
19100,338,0,453,0
19120,339,0,453,0
19140,340,0,454,0
19160,340,0,455,0
19180,340,0,456,0
19200,340,0,457,0
19220,340,0,458,0
19240,339,0,459,0
19260,338,0,460,0
19280,338,0,461,0
19300,337,0,462,0
19320,337,0,464,0
19340,337,0,465,0
19360,337,0,466,0
19380,337,0,468,0
19400,337,0,469,0
19420,337,0,470,0
19440,338,0,471,0
19460,338,0,473,0
19480,339,0,474,0
19500,339,0,475,0
19520,340,0,476,0
19540,341,0,478,0
19560,342,0,479,0
19580,343,0,481,0
19600,345,0,482,0
19620,347,0,483,0
19640,348,0,485,0
19660,350,0,486,0
19680,352,0,487,0
19700,354,0,489,0
19720,355,0,490,0
19740,357,0,491,0
19760,359,0,492,0
19780,361,0,493,0
19800,362,0,494,0
19820,364,0,495,0
19840,366,0,497,0
19860,367,0,498,0
19880,369,0,499,0
19900,371,0,500,0
19920,372,0,501,0
19940,373,0,502,0
19960,374,0,503,0
19980,375,0,504,0
20000,376,0,504,0
20020,376,0,505,0
20040,376,0,506,0
20060,376,0,506,0
20080,375,0,507,0
20100,374,0,507,0
20120,374,0,508,0
20140,373,0,508,0
20160,372,0,508,0
20180,371,0,508,0
20200,369,0,508,0
20220,367,0,508,0
20240,364,0,507,0
20260,362,0,507,0
20280,359,0,507,0
20300,356,0,507,0
20320,354,0,508,0
20340,351,0,507,0
20360,349,0,507,0
20380,346,0,507,0
20400,343,0,507,0
20420,340,0,507,0
20440,337,0,506,0
20460,335,0,506,0
20480,332,0,506,0
20500,329,0,506,0
20520,327,0,506,0
20540,325,0,505,0
20560,323,0,505,0
20580,322,0,505,0
20600,320,0,505,0
20620,319,0,505,0
20640,319,0,504,0
20660,318,0,504,0
20680,319,0,504,0
20700,320,0,504,0
20720,322,0,504,0
20740,323,0,500,0
20760,324,0,496,0
20780,325,0,492,0
20800,327,0,488,0
20820,329,0,484,0
20840,331,0,480,0
20860,333,0,476,0
20880,335,0,474,0
20900,337,0,473,0
20920,339,0,471,0
20940,341,0,470,0
20960,343,0,468,0
20980,345,0,467,0
21000,347,0,466,0
21020,349,0,464,0
21040,351,0,463,0
21060,352,0,462,0
21080,353,0,461,0
21100,354,0,459,0
21120,354,0,458,0
21140,354,0,457,0
21160,354,0,456,0
21180,355,0,454,0
21200,354,0,453,0
21220,352,0,451,0
21240,349,0,450,0
21260,347,0,449,0
21280,344,0,448,0
21300,342,0,446,0
21320,339,0,445,0
21340,336,0,443,0
21360,334,0,441,0
21380,331,0,439,0
21400,328,0,438,0
21420,326,0,436,0
21440,323,0,434,0
21460,320,0,432,0
21480,318,0,430,0
21500,315,0,428,0
21520,313,0,426,0
21540,311,0,424,0
21560,309,0,422,0
21580,307,0,420,0
21600,306,0,418,0
21620,304,0,416,0
21640,303,0,414,0
21660,301,0,412,0
21680,301,0,410,0
21700,301,0,408,0
21720,301,0,406,0
21740,301,0,405,0
21760,301,0,403,0
21780,301,0,401,0
21800,301,0,399,0
21820,301,0,397,0
21840,301,0,396,0
21860,300,0,394,0
21880,300,0,392,0
21900,299,0,390,0
21920,297,0,388,0
21940,296,0,386,0
21960,295,0,384,0
21980,293,0,382,0
22000,292,0,381,0
22020,290,0,379,0
22040,288,0,377,0
22060,287,0,375,0
22080,285,0,373,0
22100,283,0,371,0
22120,281,0,368,0
22140,279,0,365,0
22160,277,0,363,0
22180,275,0,360,0
22200,273,0,357,0
22220,271,0,355,0
22240,268,0,353,0
22260,266,0,352,0
22280,264,0,351,0
22300,261,0,349,0
22320,259,0,348,0
22340,257,0,347,0
22360,255,0,347,0
22380,254,0,346,0
22400,252,0,345,0
22420,250,0,345,0
22440,249,0,345,0
22460,247,0,344,0
22480,246,0,344,0
22500,245,0,343,0
22520,244,0,343,0
22540,244,0,342,0
22560,243,0,341,0
22580,242,0,340,0
22600,242,0,339,0
22620,241,0,339,0
22640,240,0,338,0
22660,239,0,337,0
22680,238,0,337,0
22700,237,0,337,0
22720,236,0,336,0
22740,235,0,336,0
22760,234,0,336,0
22780,233,0,335,0
22800,231,0,336,0
22820,230,0,336,0
22840,229,0,337,0
22860,228,0,338,0
22880,226,0,339,0
22900,225,0,340,0
22920,224,0,340,0
22940,222,0,341,0
22960,221,0,342,0
22980,220,0,342,0
23000,218,0,343,0
23020,216,0,343,0
23040,214,0,343,0
23060,212,0,343,0
23080,210,0,342,0
23100,208,0,342,0
23120,206,0,342,0
23140,204,0,342,0
23160,203,0,342,0
23180,201,0,342,0
23200,200,0,342,0
23220,199,0,342,0
23240,198,0,342,0
23260,197,0,342,0
23280,195,0,343,0
23300,194,0,343,0
23320,193,0,344,0
23340,192,0,344,0
23360,190,0,345,0
23380,189,0,346,0
23400,188,0,346,0
23420,187,0,347,0
23440,186,0,348,0
23460,185,0,349,0
23480,185,0,349,0
23500,185,0,350,0
23520,185,0,351,0
23540,184,0,352,0
23560,184,0,353,0
23580,185,0,355,0
23600,185,0,356,0
23620,185,0,358,0
23640,185,0,359,0
23660,185,0,360,0
23680,186,0,362,0
23700,186,0,363,0
23720,186,0,365,0
23740,187,0,367,0
23760,187,0,368,0
23780,188,0,370,0
23800,189,0,371,0
23820,190,0,373,0
23840,191,0,374,0
23860,192,0,376,0
23880,193,0,378,0
23900,195,0,380,0
23920,196,0,382,0
23940,198,0,384,0
23960,200,0,386,0
23980,202,0,388,0
24000,205,0,390,0
24020,207,0,391,0
24040,209,0,393,0
24060,211,0,394,0
24080,213,0,396,0
24100,215,0,397,0
24120,218,0,399,0
24140,220,0,400,0
24160,222,0,401,0
24180,224,0,402,0
24200,227,0,404,0
24220,229,0,405,0
24240,231,0,406,0
24260,233,0,407,0
24280,235,0,408,0
24300,237,0,408,0
24320,239,0,409,0
24340,241,0,410,0
24360,244,0,410,0
24380,246,0,411,0
24400,248,0,411,0
24420,250,0,412,0
24440,252,0,413,0
24460,254,0,415,0
24480,256,0,417,0
24500,259,0,418,0
24520,261,0,420,0
24540,263,0,422,0
24560,266,0,423,0
24580,268,0,425,0
24600,270,0,427,0
24620,273,0,428,0
24640,275,0,430,0
24660,278,0,432,0
24680,280,0,434,0
24700,282,0,435,0
24720,285,0,437,0
24740,287,0,439,0
24760,289,0,440,0
24780,292,0,442,0
24800,294,0,444,0
24820,296,0,445,0
24840,298,0,447,0
24860,300,0,449,0
24880,302,0,451,0
24900,303,0,456,0
24920,305,0,460,0
24940,307,0,465,0
24960,310,0,470,0
24980,312,0,474,0
25000,314,0,479,0
25020,316,0,483,0
25040,318,0,485,0
25060,321,0,487,0
25080,323,0,488,0
25100,325,0,490,0
25120,327,0,491,0
25140,329,0,493,0
25160,332,0,494,0
25180,334,0,495,0
25200,337,0,497,0
25220,340,0,498,0
25240,343,0,499,0
25260,346,0,501,0
25280,348,0,502,0
25300,351,0,503,0
25320,354,0,504,0
25340,357,0,506,0
25360,360,0,507,0
25380,363,0,508,0
25400,366,0,509,0
25420,369,0,510,0
25440,373,0,511,0
25460,376,0,512,0
25480,379,0,513,0
25500,382,0,514,0
25520,385,0,515,0
25540,388,0,515,0
25560,391,0,516,0
25580,394,0,516,0
25600,397,0,517,0
25620,400,0,517,0
25640,403,0,518,0
25660,408,0,518,0
25680,412,0,518,0
25700,417,0,519,0
25720,422,0,519,0
25740,426,0,520,0
25760,431,0,521,0
25780,435,0,521,0
25800,439,0,522,0
25820,441,0,523,0
25840,442,0,524,0
25860,443,0,524,0
25880,444,0,525,0
25900,445,0,526,0
25920,446,0,526,0
25940,446,0,527,0
25960,445,0,528,0
25980,445,0,528,0
26000,444,0,529,0
26020,443,0,529,0
26040,443,0,530,0
26060,442,0,530,0
26080,441,0,531,0
26100,440,0,532,0
26120,438,0,533,0
26140,437,0,535,0
26160,435,0,536,0
26180,434,0,537,0
26200,433,0,538,0
26220,431,0,540,0
26240,430,0,542,0
26260,429,0,543,0
26280,428,0,545,0
26300,428,0,547,0
26320,427,0,549,0
26340,427,0,550,0
26360,426,0,552,0
26380,426,0,553,0
26400,425,0,554,0
26420,425,0,555,0
26440,425,0,555,0
26460,424,0,556,0
26480,424,0,556,0
26500,424,0,557,0
26520,423,0,557,0
26540,423,0,558,0
26560,422,0,558,0
26580,421,0,558,0
26600,420,0,559,0
26620,419,0,559,0
26640,417,0,560,0
26660,416,0,561,0
26680,415,0,561,0
26700,414,0,562,0
26720,413,0,564,0
26740,412,0,565,0
26760,410,0,566,0
26780,409,0,567,0
26800,408,0,568,0
26820,406,0,568,0
26840,405,0,568,0
26860,403,0,567,0
26880,402,0,566,0
26900,401,0,566,0
26920,400,0,565,0
26940,399,0,564,0
26960,399,0,563,0
26980,398,0,563,0
27000,397,0,562,0
27020,397,0,561,0
27040,396,0,561,0
27060,396,0,559,0
27080,395,0,557,0
27100,395,0,555,0
27120,395,0,552,0
27140,394,0,550,0
27160,394,0,547,0
27180,393,0,545,0
27200,393,0,542,0
27220,393,0,540,0
27240,392,0,538,0
27260,391,0,537,0
27280,390,0,535,0
27300,389,0,533,0
27320,388,0,531,0
27340,387,0,530,0
27360,386,0,528,0
27380,385,0,526,0
27400,383,0,525,0
27420,382,0,523,0
27440,381,0,522,0
27460,380,0,520,0
27480,378,0,519,0
27500,377,0,517,0
27520,375,0,516,0
27540,374,0,515,0
27560,373,0,513,0
27580,371,0,512,0
27600,369,0,511,0
27620,367,0,509,0
27640,365,0,508,0
27660,363,0,507,0
27680,360,0,505,0
27700,358,0,504,0
27720,356,0,503,0
27740,354,0,501,0
27760,352,0,500,0
27780,351,0,499,0
27800,349,0,497,0
27820,347,0,496,0
27840,346,0,495,0
27860,344,0,493,0
27880,343,0,492,0
27900,341,0,491,0
27920,340,0,489,0
27940,339,0,488,0
27960,338,0,487,0
27980,338,0,486,0
28000,337,0,484,0
28020,336,0,483,0
28040,335,0,482,0
28060,334,0,480,0
28080,334,0,479,0
28100,333,0,477,0
28120,333,0,472,0
28140,333,0,467,0
28160,333,0,462,0
28180,333,0,457,0
28200,333,0,452,0
28220,333,0,447,0
28240,333,0,445,0
28260,333,0,444,0
28280,332,0,443,0
28300,332,0,442,0
28320,332,0,441,0
28340,332,0,440,0
28360,331,0,440,0
28380,331,0,439,0
28400,330,0,438,0
28420,330,0,438,0
28440,329,0,437,0
28460,328,0,436,0
28480,326,0,435,0
28500,325,0,434,0
28520,323,0,433,0
28540,322,0,432,0
28560,320,0,431,0
28580,319,0,430,0
28600,317,0,430,0
28620,316,0,429,0
28640,314,0,428,0
28660,312,0,427,0
28680,310,0,427,0
28700,309,0,426,0
28720,308,0,425,0
28740,306,0,425,0
28760,305,0,424,0
28780,304,0,423,0
28800,304,0,422,0
28820,303,0,422,0
28840,303,0,421,0
28860,303,0,420,0
28880,303,0,419,0
28900,303,0,418,0
28920,303,0,416,0
28940,303,0,415,0
28960,304,0,414,0
28980,305,0,412,0
29000,305,0,411,0
29020,306,0,410,0
29040,307,0,408,0
29060,308,0,407,0
29080,309,0,406,0
29100,310,0,405,0
29120,311,0,404,0
29140,312,0,404,0
29160,313,0,403,0
29180,314,0,402,0
29200,315,0,401,0
29220,315,0,400,0
29240,315,0,399,0
29260,316,0,398,0
29280,316,0,397,0
29300,316,0,396,0
29320,316,0,393,0
29340,315,0,390,0
29360,314,0,386,0
29380,312,0,383,0
29400,311,0,379,0
29420,309,0,376,0
29440,308,0,372,0
29460,306,0,370,0
29480,305,0,369,0
29500,303,0,367,0
29520,301,0,366,0
29540,299,0,364,0
29560,297,0,363,0
29580,295,0,361,0
29600,293,0,360,0
29620,290,0,359,0
29640,288,0,358,0
29660,286,0,358,0
29680,284,0,357,0
29700,283,0,356,0
29720,281,0,356,0
29740,279,0,355,0
29760,277,0,354,0
29780,275,0,354,0
29800,273,0,353,0
29820,271,0,352,0
29840,269,0,352,0
29860,267,0,353,0
29880,264,0,353,0
29900,262,0,354,0
29920,259,0,355,0
29940,257,0,356,0
29960,255,0,357,0
29980,252,0,358,0
30000,251,0,359,0
30020,250,0,361,0
30040,249,0,363,0
30060,248,0,364,0
30080,247,0,365,0
30100,247,0,367,0
30120,246,0,368,0
30140,245,0,369,0
30160,244,0,371,0
30180,243,0,372,0
30200,242,0,374,0
30220,242,0,376,0
30240,241,0,378,0
30260,240,0,380,0
30280,239,0,381,0
30300,238,0,383,0
30320,237,0,385,0
30340,236,0,386,0
30360,235,0,387,0
30380,234,0,389,0
30400,233,0,390,0
30420,232,0,391,0
30440,231,0,393,0
30460,230,0,394,0
30480,229,0,396,0
30500,229,0,397,0
30520,229,0,398,0
30540,228,0,400,0
30560,228,0,401,0
30580,228,0,403,0
30600,229,0,404,0
30620,230,0,406,0
30640,231,0,407,0
30660,232,0,408,0
30680,233,0,409,0
30700,234,0,411,0
30720,235,0,412,0
30740,236,0,413,0
30760,238,0,414,0
30780,240,0,415,0
30800,242,0,416,0
30820,244,0,416,0
30840,246,0,417,0
30860,248,0,417,0
30880,250,0,417,0
30900,253,0,418,0
30920,255,0,419,0
30940,257,0,419,0
30960,260,0,420,0
30980,262,0,420,0
31000,264,0,420,0
31020,266,0,421,0
31040,268,0,421,0
31060,270,0,421,0
31080,271,0,422,0
31100,273,0,422,0
31120,275,0,423,0
31140,277,0,424,0
31160,279,0,424,0
31180,280,0,425,0
31200,282,0,426,0
31220,284,0,427,0
31240,286,0,429,0
31260,287,0,430,0
31280,289,0,431,0
31300,291,0,432,0
31320,293,0,433,0
31340,295,0,434,0
31360,296,0,434,0
31380,298,0,435,0
31400,299,0,437,0
31420,301,0,438,0
31440,302,0,439,0
31460,302,0,440,0
31480,303,0,441,0
31500,304,0,442,0
31520,304,0,444,0
31540,305,0,446,0
31560,305,0,447,0
31580,305,0,449,0
31600,306,0,451,0
31620,306,0,452,0
31640,306,0,454,0
31660,307,0,455,0
31680,307,0,457,0
31700,307,0,458,0
31720,307,0,460,0
31740,307,0,461,0
31760,307,0,462,0
31780,307,0,464,0
31800,307,0,465,0
31820,307,0,467,0
31840,308,0,468,0
31860,308,0,470,0
31880,310,0,471,0
31900,311,0,472,0
31920,313,0,474,0
31940,314,0,475,0
31960,315,0,477,0
31980,317,0,478,0
32000,319,0,480,0
32020,321,0,481,0
32040,323,0,482,0
32060,325,0,484,0
32080,327,0,485,0
32100,329,0,487,0
32120,331,0,488,0
32140,333,0,490,0
32160,334,0,491,0
32180,336,0,492,0
32200,338,0,494,0
32220,340,0,495,0
32240,341,0,496,0
32260,343,0,498,0
32280,344,0,499,0
32300,345,0,501,0
32320,347,0,503,0
32340,348,0,505,0
32360,349,0,507,0
32380,350,0,509,0
32400,352,0,510,0
32420,353,0,512,0
32440,355,0,514,0
32460,357,0,516,0
32480,358,0,518,0
32500,360,0,520,0
32520,362,0,522,0
32540,363,0,524,0
32560,365,0,526,0
32580,367,0,528,0
32600,368,0,531,0
32620,370,0,534,0
32640,371,0,537,0
32660,373,0,540,0
32680,374,0,542,0
32700,375,0,545,0
32720,376,0,548,0
32740,377,0,550,0
32760,378,0,551,0
32780,379,0,552,0
32800,381,0,553,0
32820,382,0,555,0
32840,384,0,556,0
32860,385,0,557,0
32880,386,0,558,0
32900,388,0,559,0
32920,390,0,560,0
32940,391,0,560,0
32960,393,0,561,0
32980,394,0,562,0
33000,396,0,563,0
33020,397,0,563,0
33040,398,0,564,0
33060,399,0,565,0
33080,400,0,566,0
33100,401,0,567,0
33120,402,0,568,0
33140,402,0,569,0
33160,403,0,569,0
33180,404,0,570,0
33200,404,0,571,0
33220,405,0,571,0
33240,406,0,572,0
33260,407,0,572,0
33280,408,0,572,0
33300,409,0,572,0
33320,410,0,572,0
33340,411,0,571,0
33360,413,0,571,0
33380,414,0,570,0
33400,415,0,569,0
33420,416,0,569,0
33440,418,0,568,0
33460,419,0,567,0
33480,419,0,566,0
33500,419,0,564,0
33520,420,0,563,0
33540,420,0,562,0
33560,420,0,560,0
33580,420,0,559,0
33600,419,0,558,0
33620,419,0,556,0
33640,419,0,555,0
33660,419,0,554,0
33680,419,0,552,0
33700,419,0,551,0
33720,419,0,549,0
33740,418,0,548,0
33760,417,0,547,0
33780,417,0,545,0
33800,416,0,544,0
33820,415,0,543,0
33840,415,0,542,0
33860,413,0,541,0
33880,412,0,540,0
33900,411,0,539,0
33920,409,0,538,0
33940,408,0,537,0
33960,406,0,536,0
33980,405,0,535,0
34000,404,0,534,0
34020,402,0,533,0
34040,401,0,532,0
34060,400,0,531,0
34080,399,0,530,0
34100,398,0,529,0
34120,397,0,528,0
34140,396,0,527,0
34160,396,0,527,0
34180,395,0,526,0
34200,394,0,525,0
34220,393,0,524,0
34240,391,0,523,0
34260,389,0,522,0
34280,388,0,521,0
34300,386,0,520,0
34320,384,0,519,0
34340,382,0,518,0
34360,380,0,517,0
34380,378,0,513,0
34400,376,0,509,0
34420,374,0,505,0
34440,372,0,501,0
34460,370,0,497,0
34480,368,0,493,0
34500,366,0,489,0
34520,364,0,485,0
34540,362,0,483,0
34560,360,0,482,0
34580,358,0,480,0
34600,356,0,479,0
34620,354,0,477,0
34640,351,0,476,0
34660,349,0,474,0
34680,346,0,473,0
34700,343,0,472,0
34720,341,0,471,0
34740,338,0,469,0
34760,335,0,468,0
34780,333,0,467,0
34800,330,0,466,0
34820,327,0,465,0
34840,325,0,464,0
34860,322,0,463,0
34880,319,0,462,0
34900,317,0,461,0
34920,314,0,460,0
34940,311,0,460,0
34960,309,0,459,0
34980,306,0,459,0
35000,303,0,459,0
35020,301,0,459,0
35040,298,0,459,0
35060,295,0,459,0
35080,293,0,459,0
35100,290,0,459,0
35120,287,0,459,0
35140,285,0,458,0
35160,281,0,458,0
35180,275,0,458,0
35200,269,0,458,0
35220,263,0,457,0
35240,256,0,457,0
35260,250,0,457,0
35280,244,0,457,0
35300,242,0,456,0
35320,241,0,456,0
35340,240,0,455,0
35360,240,0,455,0
35380,239,0,454,0
35400,239,0,454,0
35420,239,0,454,0
35440,238,0,454,0
35460,237,0,453,0
35480,236,0,453,0
35500,235,0,452,0
35520,234,0,451,0
35540,233,0,451,0
35560,233,0,450,0
35580,232,0,450,0
35600,231,0,449,0
35620,232,0,448,0
35640,232,0,448,0
35660,232,0,447,0
35680,232,0,446,0
35700,232,0,445,0
35720,233,0,445,0
35740,233,0,444,0
35760,233,0,443,0
35780,233,0,443,0
35800,233,0,442,0
35820,234,0,441,0
35840,234,0,441,0
35860,234,0,440,0
35880,234,0,438,0
35900,234,0,437,0
35920,235,0,436,0
35940,236,0,435,0
35960,237,0,434,0
35980,239,0,432,0
36000,240,0,431,0
36020,240,0,430,0
36040,240,0,429,0
36060,240,0,428,0
36080,239,0,426,0
36100,239,0,425,0
36120,239,0,424,0
36140,239,0,423,0
36160,239,0,420,0
36180,239,0,417,0
36200,239,0,414,0
36220,239,0,411,0
36240,238,0,409,0
36260,238,0,406,0
36280,238,0,403,0
36300,238,0,400,0
36320,238,0,399,0
36340,238,0,397,0
36360,238,0,396,0
36380,237,0,394,0
36400,237,0,393,0
36420,237,0,391,0
36440,237,0,390,0
36460,237,0,388,0
36480,237,0,386,0
36500,237,0,385,0
36520,237,0,383,0
36540,236,0,381,0
36560,236,0,379,0
36580,236,0,378,0
36600,236,0,376,0
36620,236,0,374,0
36640,236,0,372,0
36660,236,0,371,0
36680,236,0,369,0
36700,235,0,367,0
36720,235,0,365,0
36740,235,0,364,0
36760,235,0,362,0
36780,475,0,525,0
36800,475,0,525,0
36820,475,0,525,0
36840,475,0,525,0
36860,475,0,525,0
36880,475,0,525,0
36900,475,0,525,0
36920,475,0,525,0
36940,475,0,525,0
36960,475,0,525,0
36980,475,0,525,0
37000,475,0,524,0
37020,475,0,522,0
37040,475,0,520,0
37060,475,0,517,0
37080,473,0,516,0
37100,471,0,515,0
37120,468,0,515,0
37140,465,0,515,0
37160,462,0,514,0
37180,460,0,514,0
37200,457,0,514,0
37220,454,0,513,0
37240,451,0,513,0
37260,449,0,512,0
37280,446,0,510,0
37300,443,0,509,0
37320,440,0,507,0
37340,437,0,506,0
37360,435,0,504,0
37380,432,0,502,0
37400,429,0,501,0
37420,426,0,499,0
37440,423,0,498,0
37460,418,0,496,0
37480,413,0,494,0
37500,408,0,492,0
37520,403,0,491,0
37540,398,0,489,0
37560,394,0,487,0
37580,389,0,486,0
37600,383,0,485,0
37620,377,0,483,0
37640,374,0,482,0
37660,371,0,481,0
37680,368,0,479,0
37700,366,0,478,0
37720,363,0,477,0
37740,360,0,476,0
37760,357,0,474,0
37780,355,0,472,0
37800,353,0,471,0
37820,351,0,469,0
37840,349,0,467,0
37860,347,0,466,0
37880,345,0,464,0
37900,342,0,462,0
37920,340,0,460,0
37940,339,0,459,0
37960,337,0,457,0
37980,335,0,455,0
38000,333,0,454,0
38020,332,0,452,0
38040,330,0,450,0
38060,328,0,448,0
38080,326,0,447,0
38100,325,0,445,0
38120,323,0,443,0
38140,321,0,441,0
38160,319,0,440,0
38180,318,0,438,0
38200,316,0,436,0
38220,314,0,434,0
38240,312,0,433,0
38260,311,0,431,0
38280,309,0,429,0
38300,307,0,428,0
38320,305,0,426,0
38340,304,0,424,0
38360,302,0,422,0
38380,300,0,421,0
38400,298,0,418,0
38420,297,0,413,0
38440,295,0,409,0
38460,293,0,404,0
38480,291,0,399,0
38500,290,0,395,0
38520,288,0,391,0
38540,286,0,386,0
38560,284,0,382,0
38580,283,0,382,0
38600,281,0,383,0
38620,279,0,383,0
38640,277,0,384,0
38660,276,0,384,0
38680,274,0,525,0
38700,475,0,525,0
38720,475,0,525,0
38740,475,0,525,0
38760,475,0,525,0
38780,475,0,525,0
38800,475,0,525,0
38820,475,0,525,0
38840,475,0,525,0
38860,475,0,525,0
38880,475,0,525,0
38900,475,0,526,0
38920,475,0,525,0
38940,475,0,525,0
38960,475,0,525,0
38980,475,0,524,0
39000,475,0,524,0
39020,471,0,524,0
39040,468,0,523,0
39060,464,0,523,0
39080,461,0,522,0
39100,457,0,522,0
39120,454,0,521,0
39140,451,0,520,0
39160,448,0,519,0
39180,446,0,518,0
39200,444,0,517,0
39220,441,0,516,0
39240,439,0,515,0
39260,437,0,514,0
39280,435,0,513,0
39300,432,0,511,0
39320,431,0,510,0
39340,429,0,510,0
39360,428,0,509,0
39380,427,0,509,0
39400,426,0,508,0
39420,424,0,508,0
39440,423,0,508,0
39460,422,0,508,0
39480,421,0,508,0
39500,419,0,507,0
39520,418,0,507,0
39540,417,0,507,0
39560,416,0,507,0
39580,414,0,507,0
39600,413,0,508,0
39620,412,0,508,0
39640,411,0,508,0
39660,409,0,508,0
39680,408,0,508,0
39700,407,0,508,0
39720,405,0,508,0
39740,404,0,508,0
39760,403,0,508,0
39780,402,0,508,0
39800,400,0,508,0
39820,475,0,525,0
39840,475,0,525,0
39860,475,0,525,0
39880,475,0,525,0
39900,475,0,525,0
39920,475,0,525,0
39940,475,0,525,0
39960,475,0,525,0
39980,475,0,525,0
40000,475,0,525,0
40020,475,0,525,0
40040,474,0,525,0
40060,471,0,525,0
40080,469,0,525,0
40100,466,0,525,0
40120,463,0,525,0
40140,461,0,525,0
40160,458,0,525,0
40180,456,0,525,0
40200,453,0,525,0
40220,451,0,525,0
40240,449,0,525,0
40260,446,0,525,0
40280,444,0,525,0
40300,441,0,525,0
40320,439,0,525,0
40340,437,0,525,0
40360,434,0,525,0
40380,431,0,525,0
40400,428,0,525,0
40420,425,0,525,0
40440,422,0,525,0
40460,419,0,525,0
40480,417,0,525,0
40500,414,0,525,0
40520,412,0,525,0
40540,411,0,525,0
40560,409,0,525,0
40580,407,0,525,0
40600,406,0,525,0
40620,405,0,525,0
40640,403,0,525,0
40660,402,0,525,0
40680,401,0,525,0
40700,400,0,525,0
40720,399,0,525,0
40740,398,0,525,0
40760,397,0,525,0
40780,396,0,525,0
40800,395,0,525,0
40820,395,0,525,0
40840,395,0,525,0
40860,395,0,525,0
40880,395,0,523,0
40900,394,0,519,0
40920,395,0,514,0
40940,396,0,509,0
40960,396,0,504,0
40980,397,0,499,0
41000,397,0,498,0
41020,398,0,496,0
41040,398,0,495,0
41060,399,0,493,0
41080,398,0,492,0
41100,398,0,490,0
41120,398,0,489,0
41140,398,0,487,0
41160,398,0,486,0
41180,397,0,484,0
41200,397,0,483,0
41220,396,0,481,0
41240,396,0,480,0
41260,395,0,478,0
41280,394,0,477,0
41300,393,0,475,0
41320,392,0,474,0
41340,392,0,472,0
41360,391,0,471,0
41380,389,0,469,0
41400,388,0,468,0
41420,386,0,466,0
41440,384,0,465,0
41460,383,0,463,0
41480,381,0,462,0
41500,379,0,460,0
41520,378,0,459,0
41540,376,0,457,0
41560,374,0,456,0
41580,373,0,454,0
41600,371,0,450,0
41620,369,0,445,0
41640,367,0,440,0
41660,366,0,436,0
41680,364,0,431,0
41700,362,0,427,0
41720,361,0,422,0
41740,359,0,418,0
41760,358,0,416,0
41780,356,0,415,0
41800,355,0,414,0
41820,353,0,412,0
41840,352,0,411,0
41860,350,0,409,0
41880,349,0,408,0
41900,348,0,406,0
41920,347,0,405,0
41940,346,0,404,0
41960,345,0,403,0
41980,344,0,402,0
42000,343,0,400,0
42020,341,0,399,0
42040,340,0,398,0
42060,339,0,397,0
42080,338,0,396,0
42100,336,0,395,0
42120,334,0,394,0
42140,332,0,394,0
42160,329,0,393,0
42180,327,0,392,0
42200,325,0,391,0
42220,323,0,390,0
42240,321,0,390,0
42260,320,0,389,0
42280,318,0,388,0
42300,316,0,387,0
42320,314,0,387,0
42340,313,0,386,0
42360,311,0,386,0
42380,309,0,385,0
42400,307,0,384,0
42420,305,0,383,0
42440,303,0,382,0
42460,301,0,381,0
42480,299,0,380,0
42500,297,0,379,0
42520,295,0,378,0
42540,293,0,377,0
42560,291,0,376,0
42580,289,0,375,0
42600,286,0,374,0
42620,284,0,373,0
42640,282,0,372,0
42660,280,0,372,0
42680,278,0,371,0
42700,276,0,370,0
42720,274,0,370,0
42740,272,0,369,0
42760,269,0,368,0
42780,267,0,368,0
42800,264,0,367,0
42820,261,0,366,0
42840,258,0,366,0
42860,256,0,365,0
42880,253,0,365,0
42900,250,0,365,0
42920,247,0,365,0
42940,245,0,365,0
42960,242,0,366,0
42980,239,0,366,0
43000,236,0,367,0
43020,234,0,368,0
43040,231,0,369,0
43060,228,0,370,0
43080,226,0,370,0
43100,223,0,372,0
43120,218,0,373,0
43140,213,0,374,0
43160,209,0,375,0
43180,204,0,377,0
43200,199,0,378,0
43220,195,0,379,0
43240,191,0,381,0
43260,189,0,383,0
43280,187,0,385,0
43300,186,0,386,0
43320,185,0,388,0
43340,184,0,390,0
43360,182,0,392,0
43380,181,0,394,0
43400,181,0,395,0
43420,180,0,397,0
43440,179,0,398,0
43460,179,0,400,0
43480,179,0,401,0
43500,180,0,402,0
43520,181,0,404,0
43540,182,0,405,0
43560,184,0,406,0
43580,185,0,408,0
43600,187,0,409,0
43620,188,0,410,0
43640,189,0,411,0
43660,190,0,412,0
43680,191,0,413,0
43700,192,0,414,0
43720,193,0,415,0
43740,193,0,416,0
43760,194,0,417,0
43780,195,0,418,0
43800,196,0,418,0
43820,197,0,419,0
43840,198,0,420,0
43860,200,0,421,0
43880,201,0,421,0
43900,203,0,422,0
43920,204,0,423,0
43940,206,0,423,0
43960,207,0,424,0
43980,209,0,425,0
44000,210,0,426,0
44020,212,0,426,0
44040,214,0,427,0
44060,215,0,428,0
44080,217,0,428,0
44100,218,0,429,0
44120,220,0,430,0
44140,221,0,430,0
44160,223,0,431,0
44180,224,0,432,0
44200,226,0,432,0
44220,228,0,433,0
44240,229,0,434,0
44260,231,0,435,0
44280,232,0,435,0
44300,234,0,434,0
44320,235,0,433,0
44340,237,0,432,0
44360,238,0,431,0
44380,240,0,430,0
44400,241,0,429,0
44420,243,0,428,0
44440,245,0,427,0
44460,246,0,427,0
44480,248,0,427,0
44500,249,0,428,0
44520,251,0,428,0
44540,252,0,428,0
44560,254,0,428,0
44580,255,0,428,0
44600,257,0,428,0
44620,259,0,525,0
44640,475,0,525,0
44660,475,0,525,0
44680,475,0,525,0
44700,475,0,525,0
44720,475,0,525,0
44740,475,0,525,0
44760,475,0,525,0
44780,475,0,525,0
44800,475,0,525,0
44820,475,0,525,0
44840,475,0,525,0
44860,474,0,525,0
44880,474,0,525,0
44900,473,0,525,0
44920,473,0,525,0
44940,472,0,525,0
44960,473,0,525,0
44980,474,0,525,0
45000,474,0,525,0
45020,475,0,525,0
45040,475,0,525,0
45060,475,0,525,0
45080,475,0,525,0
45100,475,0,526,0
45120,475,0,526,0
45140,475,0,526,0
45160,474,0,526,0
45180,474,0,526,0
45200,474,0,526,0
45220,473,0,526,0
45240,473,0,526,0
45260,473,0,526,0
45280,473,0,526,0
45300,474,0,526,0
45320,474,0,526,0
45340,473,0,526,0
45360,473,0,526,0
45380,473,0,526,0
45400,473,0,526,0
45420,474,0,526,0
45440,475,0,526,0
45460,476,0,526,0
45480,477,0,526,0
45500,478,0,527,0
45520,479,0,527,0
45540,480,0,527,0
45560,482,0,527,0
45580,483,0,527,0
45600,484,0,525,0
45620,485,0,523,0
45640,486,0,522,0
45660,487,0,520,0
45680,488,0,518,0
45700,489,0,517,0
45720,490,0,515,0
45740,491,0,513,0
45760,492,0,512,0
45780,493,0,510,0
45800,495,0,508,0
45820,496,0,506,0
45840,475,0,525,0
45860,475,0,525,0
45880,475,0,525,0
45900,475,0,525,0
45920,475,0,525,0
45940,475,0,525,0
45960,475,0,525,0
45980,475,0,525,0
46000,475,0,525,0
46020,475,0,525,0
46040,475,0,525,0
46060,475,0,525,0
46080,475,0,525,0
46100,475,0,525,0
46120,476,0,525,0
46140,478,0,525,0
46160,480,0,525,0
46180,481,0,525,0
46200,483,0,525,0
46220,483,0,525,0
46240,484,0,525,0
46260,484,0,525,0
46280,485,0,525,0
46300,485,0,525,0
46320,485,0,525,0
46340,484,0,524,0
46360,483,0,523,0
46380,481,0,522,0
46400,480,0,520,0
46420,478,0,520,0
46440,477,0,519,0
46460,475,0,518,0
46480,474,0,517,0
46500,472,0,516,0
46520,470,0,516,0
46540,468,0,515,0
46560,467,0,515,0
46580,465,0,514,0
46600,463,0,513,0
46620,461,0,513,0
46640,460,0,512,0
46660,458,0,512,0
46680,456,0,511,0
46700,454,0,511,0
46720,451,0,510,0
46740,448,0,509,0
46760,446,0,508,0
46780,443,0,507,0
46800,440,0,506,0
46820,438,0,505,0
46840,435,0,504,0
46860,433,0,502,0
46880,430,0,501,0
46900,427,0,500,0
46920,424,0,499,0
46940,421,0,497,0
46960,418,0,496,0
46980,416,0,495,0
47000,413,0,494,0
47020,410,0,493,0
47040,408,0,492,0
47060,406,0,491,0
47080,404,0,490,0
47100,402,0,489,0
47120,400,0,488,0
47140,398,0,486,0
47160,396,0,485,0
47180,394,0,484,0
47200,393,0,482,0
47220,391,0,481,0
47240,390,0,479,0
47260,389,0,478,0
47280,388,0,477,0
47300,387,0,476,0
47320,385,0,474,0
47340,384,0,473,0
47360,383,0,472,0
47380,382,0,471,0
47400,381,0,470,0
47420,379,0,469,0
47440,378,0,468,0
47460,377,0,467,0
47480,375,0,466,0
47500,374,0,466,0
47520,373,0,465,0
47540,372,0,465,0
47560,370,0,464,0
47580,369,0,464,0
47600,367,0,464,0
47620,366,0,464,0
47640,364,0,463,0
47660,363,0,463,0
47680,361,0,463,0
47700,359,0,462,0
47720,358,0,462,0
47740,356,0,462,0
47760,354,0,462,0
47780,351,0,462,0
47800,348,0,462,0
47820,346,0,462,0
47840,343,0,462,0
47860,340,0,462,0
47880,337,0,462,0
47900,334,0,463,0
47920,332,0,463,0
47940,329,0,463,0
47960,327,0,463,0
47980,325,0,463,0
48000,323,0,464,0
48020,321,0,464,0
48040,319,0,464,0
48060,316,0,463,0
48080,314,0,463,0
48100,312,0,463,0
48120,310,0,463,0
48140,308,0,463,0
48160,307,0,463,0
48180,305,0,463,0
48200,303,0,463,0
48220,301,0,463,0
48240,300,0,462,0
48260,299,0,462,0
48280,298,0,462,0
48300,297,0,462,0
48320,296,0,463,0
48340,296,0,463,0
48360,295,0,463,0
48380,294,0,464,0
48400,294,0,464,0
48420,293,0,465,0
48440,292,0,465,0
48460,292,0,465,0
48480,291,0,465,0
48500,290,0,465,0
48520,290,0,465,0
48540,289,0,466,0
48560,289,0,466,0
48580,289,0,466,0
48600,289,0,466,0
48620,289,0,466,0
48640,289,0,466,0
48660,289,0,466,0
48680,289,0,466,0
48700,290,0,466,0
48720,291,0,466,0
48740,292,0,466,0
48760,292,0,466,0
48780,292,0,466,0
48800,292,0,466,0
48820,293,0,466,0
48840,293,0,466,0
48860,293,0,466,0
48880,295,0,466,0
48900,296,0,465,0
48920,297,0,464,0
48940,298,0,464,0
48960,300,0,463,0
48980,302,0,463,0
49000,304,0,462,0
49020,305,0,462,0
49040,307,0,462,0
49060,308,0,462,0
49080,310,0,462,0
49100,311,0,462,0
49120,312,0,462,0
49140,313,0,462,0
49160,314,0,462,0
49180,315,0,462,0
49200,316,0,462,0
49220,316,0,462,0
49240,316,0,462,0
49260,316,0,462,0
49280,317,0,463,0
49300,317,0,463,0
49320,317,0,462,0
49340,316,0,462,0
49360,316,0,461,0
49380,315,0,461,0
49400,315,0,460,0
49420,314,0,459,0
49440,313,0,458,0
49460,312,0,456,0
49480,312,0,454,0
49500,312,0,454,0
49520,312,0,454,0
49540,312,0,454,0
49560,312,0,454,0
49580,312,0,454,0
49600,312,0,453,0
49620,312,0,453,0
49640,312,0,452,0
49660,311,0,451,0
49680,311,0,450,0
49700,311,0,449,0
49720,310,0,448,0
49740,310,0,448,0
49760,310,0,448,0
49780,310,0,448,0
49800,310,0,447,0
49820,311,0,448,0
49840,311,0,448,0
49860,311,0,449,0
49880,312,0,449,0
49900,312,0,450,0
49920,313,0,450,0
49940,313,0,451,0
49960,314,0,451,0
49980,314,0,452,0
50000,315,0,452,0
50020,316,0,453,0
50040,317,0,453,0
50060,318,0,453,0
50080,319,0,451,0
50100,320,0,449,0
50120,321,0,446,0
50140,322,0,443,0
50160,322,0,441,0
50180,323,0,438,0
50200,324,0,435,0
50220,324,0,433,0
50240,325,0,430,0
50260,325,0,427,0
50280,325,0,425,0
50300,325,0,422,0
50320,326,0,419,0
50340,325,0,417,0
50360,324,0,414,0
50380,324,0,412,0
50400,323,0,409,0
50420,322,0,406,0
50440,321,0,404,0
50460,320,0,401,0
50480,319,0,398,0
50500,318,0,396,0
50520,318,0,393,0
50540,317,0,390,0
50560,317,0,388,0
50580,316,0,385,0
50600,315,0,382,0
50620,314,0,380,0
50640,313,0,377,0
50660,312,0,374,0
50680,311,0,371,0
50700,308,0,365,0
50720,305,0,359,0
50740,302,0,354,0
50760,299,0,348,0
50780,295,0,342,0
50800,292,0,337,0
50820,289,0,335,0
50840,286,0,334,0
50860,284,0,332,0
50880,281,0,331,0
50900,279,0,330,0
50920,277,0,329,0
50940,275,0,327,0
50960,273,0,326,0
50980,270,0,325,0
51000,268,0,324,0
51020,266,0,323,0
51040,264,0,322,0
51060,262,0,322,0
51080,259,0,321,0
51100,257,0,320,0
51120,255,0,319,0
51140,253,0,318,0
51160,251,0,317,0
51180,248,0,317,0
51200,246,0,316,0
51220,244,0,316,0
51240,242,0,315,0
51260,239,0,315,0
51280,237,0,316,0
51300,235,0,316,0
51320,233,0,316,0
51340,232,0,317,0
51360,230,0,317,0
51380,229,0,318,0
51400,227,0,319,0
51420,226,0,320,0
51440,224,0,321,0
51460,223,0,322,0
51480,221,0,323,0
51500,220,0,324,0
51520,219,0,325,0
51540,217,0,326,0
51560,216,0,327,0
51580,215,0,329,0
51600,214,0,330,0
51620,213,0,332,0
51640,213,0,333,0
51660,212,0,334,0
51680,212,0,336,0
51700,212,0,338,0
51720,212,0,339,0
51740,211,0,341,0
51760,211,0,342,0
51780,211,0,344,0
51800,212,0,346,0
51820,213,0,347,0
51840,213,0,348,0
51860,214,0,350,0
51880,215,0,351,0
51900,215,0,352,0
51920,216,0,353,0
51940,217,0,355,0
51960,218,0,356,0
51980,218,0,357,0
52000,219,0,358,0
52020,220,0,358,0
52040,220,0,359,0
52060,221,0,359,0
52080,222,0,360,0
52100,222,0,361,0
52120,223,0,361,0
52140,224,0,362,0
52160,224,0,363,0
52180,225,0,363,0
52200,226,0,364,0
52220,226,0,365,0
52240,227,0,365,0
52260,232,0,366,0
52280,237,0,368,0
52300,243,0,371,0
52320,248,0,374,0
52340,253,0,377,0
52360,259,0,379,0
52380,264,0,382,0
52400,268,0,385,0
52420,269,0,388,0
52440,270,0,390,0
52460,271,0,391,0
52480,272,0,393,0
52500,273,0,395,0
52520,273,0,396,0
52540,272,0,398,0
52560,271,0,400,0
52580,270,0,401,0
52600,269,0,403,0
52620,267,0,405,0
52640,266,0,406,0
52660,264,0,408,0
52680,263,0,410,0
52700,261,0,411,0
52720,259,0,413,0
52740,258,0,415,0
52760,256,0,418,0
52780,255,0,419,0
52800,253,0,420,0
52820,254,0,421,0
52840,254,0,422,0
52860,255,0,423,0
52880,255,0,424,0
52900,255,0,425,0
52920,256,0,427,0
52940,258,0,428,0
52960,259,0,429,0
52980,262,0,431,0
53000,264,0,432,0
53020,266,0,432,0
53040,268,0,432,0
53060,270,0,433,0
53080,273,0,433,0
53100,275,0,433,0
53120,277,0,433,0
53140,279,0,433,0
53160,281,0,433,0
53180,284,0,434,0
53200,286,0,435,0
53220,288,0,436,0
53240,290,0,437,0
53260,292,0,438,0
53280,297,0,439,0
53300,301,0,439,0
53320,305,0,440,0
53340,310,0,440,0
53360,314,0,441,0
53380,318,0,441,0
53400,322,0,441,0
53420,326,0,441,0
53440,326,0,442,0
53460,327,0,442,0
53480,328,0,442,0
53500,329,0,443,0
53520,330,0,444,0
53540,329,0,445,0
53560,329,0,446,0
53580,329,0,447,0
53600,328,0,449,0
53620,328,0,450,0
53640,327,0,451,0
53660,326,0,452,0
53680,325,0,453,0
53700,324,0,454,0
53720,324,0,455,0
53740,323,0,456,0
53760,322,0,457,0
53780,321,0,458,0
53800,319,0,459,0
53820,318,0,460,0
53840,317,0,461,0
53860,316,0,462,0
53880,315,0,463,0
53900,313,0,464,0
53920,312,0,465,0
53940,310,0,466,0
53960,309,0,467,0
53980,308,0,470,0
54000,306,0,473,0
54020,305,0,477,0
54040,304,0,480,0
54060,303,0,483,0
54080,302,0,486,0
54100,301,0,489,0
54120,300,0,490,0
54140,300,0,491,0
54160,299,0,492,0
54180,299,0,493,0
54200,299,0,494,0
54220,299,0,495,0
54240,299,0,496,0
54260,300,0,498,0
54280,300,0,499,0
54300,301,0,500,0
54320,303,0,501,0
54340,304,0,502,0
54360,305,0,503,0
54380,306,0,504,0
54400,308,0,506,0
54420,309,0,507,0
54440,310,0,508,0
54460,311,0,509,0
54480,313,0,510,0
54500,314,0,511,0
54520,316,0,512,0
54540,318,0,513,0
54560,319,0,514,0
54580,321,0,514,0
54600,323,0,515,0
54620,324,0,515,0
54640,326,0,515,0
54660,327,0,516,0
54680,329,0,516,0
54700,330,0,516,0
54720,332,0,517,0
54740,333,0,517,0
54760,334,0,518,0
54780,335,0,518,0
54800,337,0,519,0
54820,338,0,519,0
54840,339,0,519,0
54860,340,0,520,0
54880,341,0,519,0
54900,343,0,519,0
54920,344,0,519,0
54940,345,0,518,0
54960,346,0,518,0
54980,348,0,517,0
55000,349,0,516,0
55020,350,0,514,0
55040,351,0,513,0
55060,352,0,512,0
55080,353,0,510,0
55100,355,0,509,0
55120,355,0,507,0
55140,355,0,506,0
55160,356,0,505,0
55180,356,0,504,0
55200,356,0,503,0
55220,355,0,502,0
55240,355,0,501,0
55260,354,0,500,0
55280,355,0,499,0
55300,355,0,498,0
55320,355,0,497,0
55340,356,0,495,0
55360,356,0,493,0
55380,357,0,492,0
55400,358,0,490,0
55420,359,0,488,0
55440,359,0,487,0
55460,361,0,485,0
55480,362,0,484,0
55500,363,0,482,0
55520,364,0,481,0
55540,365,0,479,0
55560,366,0,478,0
55580,367,0,476,0
55600,367,0,475,0
55620,368,0,473,0
55640,369,0,471,0
55660,370,0,470,0
55680,370,0,468,0
55700,371,0,466,0
55720,372,0,464,0
55740,373,0,463,0
55760,373,0,461,0
55780,374,0,459,0
55800,375,0,458,0
55820,375,0,456,0
55840,376,0,455,0
55860,376,0,454,0
55880,376,0,453,0
55900,375,0,451,0
55920,375,0,450,0
55940,375,0,450,0
55960,374,0,449,0
55980,374,0,449,0
56000,373,0,449,0
56020,371,0,448,0
56040,369,0,448,0
56060,368,0,448,0
56080,366,0,447,0
56100,364,0,447,0
56120,363,0,447,0
56140,361,0,447,0
56160,359,0,447,0
56180,357,0,447,0
56200,355,0,447,0
56220,352,0,447,0
56240,350,0,448,0
56260,348,0,448,0
56280,346,0,449,0
56300,345,0,449,0
56320,344,0,450,0
56340,343,0,451,0
56360,342,0,451,0
56380,341,0,452,0
56400,340,0,453,0
56420,340,0,453,0
56440,339,0,454,0
56460,338,0,454,0
56480,337,0,455,0
56500,337,0,455,0
56520,336,0,456,0
56540,335,0,457,0
56560,335,0,458,0
56580,334,0,459,0
56600,334,0,460,0
56620,333,0,461,0
56640,333,0,462,0
56660,332,0,463,0
56680,332,0,465,0
56700,331,0,467,0
56720,331,0,469,0
56740,330,0,471,0
56760,330,0,473,0
56780,329,0,475,0
56800,329,0,475,0
56820,329,0,476,0
56840,329,0,477,0
56860,330,0,478,0
56880,330,0,478,0
56900,330,0,478,0
56920,330,0,478,0
56940,330,0,477,0
56960,330,0,477,0
56980,330,0,477,0
57000,329,0,476,0
57020,329,0,476,0
57040,329,0,475,0
57060,328,0,474,0
57080,328,0,473,0
57100,327,0,473,0
57120,327,0,472,0
57140,326,0,471,0
57160,325,0,470,0
57180,324,0,469,0
57200,323,0,468,0
57220,322,0,467,0
57240,321,0,466,0
57260,320,0,466,0
57280,318,0,465,0
57300,317,0,464,0
57320,316,0,463,0
57340,314,0,462,0
57360,313,0,461,0
57380,311,0,460,0
57400,309,0,459,0
57420,307,0,458,0
57440,305,0,458,0
57460,303,0,457,0
57480,301,0,456,0
57500,299,0,455,0
57520,296,0,454,0
57540,294,0,453,0
57560,291,0,452,0
57580,289,0,451,0
57600,286,0,450,0
57620,284,0,450,0
57640,281,0,449,0
57660,279,0,448,0
57680,275,0,447,0
57700,272,0,446,0
57720,269,0,445,0
57740,266,0,444,0
57760,262,0,442,0
57780,259,0,434,0
57800,256,0,427,0
57820,253,0,420,0
57840,250,0,412,0
57860,248,0,405,0
57880,245,0,398,0
57900,243,0,391,0
57920,240,0,384,0
57940,237,0,377,0
57960,235,0,370,0
57980,232,0,363,0
58000,230,0,356,0
58020,227,0,349,0
58040,225,0,342,0
58060,222,0,335,0
58080,220,0,327,0
58100,217,0,320,0
58120,216,0,313,0
58140,216,0,306,0
58160,216,0,299,0
58180,215,0,292,0
58200,215,0,285,0
58220,215,0,278,0
58240,215,0,271,0
58260,215,0,264,0
58280,215,0,257,0
58300,215,0,250,0
58320,215,0,242,0
58340,215,0,235,0
58360,216,0,228,0
58380,216,0,221,0
58400,216,0,214,0
58420,216,0,207,0
58440,216,0,200,0
58460,216,0,193,0
58480,216,0,186,0
58500,216,0,179,0
58520,216,0,172,0
58540,216,0,165,0
58560,216,0,157,0
58580,217,0,150,0
58600,217,0,143,0
58620,217,0,136,0
58640,217,0,129,0
58660,217,0,122,0
58680,217,0,115,0
58700,217,0,108,0
58720,217,0,101,0
58740,217,0,94,0
58760,217,0,86,0
58780,217,0,78,0
58800,218,0,70,0
58820,218,0,525,0
58840,475,0,525,0
58860,475,0,525,0
58880,475,0,525,0
58900,475,0,524,0
58920,475,0,524,0
58940,475,0,523,0
58960,475,0,523,0
58980,475,0,522,0
59000,475,0,523,0
59020,475,0,523,0
59040,475,0,524,0
59060,475,0,524,0
59080,475,0,525,0
59100,474,0,525,0
59120,474,0,525,0
59140,473,0,526,0
59160,472,0,525,0
59180,472,0,525,0
59200,471,0,525,0
59220,471,0,525,0
59240,471,0,525,0
59260,471,0,525,0
59280,471,0,525,0
59300,471,0,524,0
59320,471,0,524,0
59340,470,0,524,0
59360,468,0,523,0
59380,467,0,523,0
59400,465,0,522,0
59420,463,0,522,0
59440,461,0,521,0
59460,459,0,521,0
59480,458,0,521,0
59500,454,0,520,0
59520,451,0,520,0
59540,448,0,519,0
59560,445,0,519,0
59580,442,0,519,0
59600,439,0,518,0
59620,436,0,518,0
59640,433,0,517,0
59660,431,0,517,0
59680,429,0,516,0
59700,427,0,515,0
59720,425,0,511,0
59740,424,0,507,0
59760,422,0,502,0
59780,420,0,498,0
59800,418,0,494,0
59820,416,0,490,0
59840,414,0,486,0
59860,411,0,484,0
59880,408,0,483,0
59900,405,0,481,0
59920,402,0,480,0
59940,398,0,478,0
59960,395,0,477,0
59980,392,0,475,0
60000,389,0,474,0
